organization,url
Global Environment Facility,https://www.thegef.org/who-we-are/gef-council/members-alternates
Global Environment Facility,https://www.thegef.org/who-we-are/organization
Green Climate Fund,https://www.greenclimate.fund/boardroom
Green Climate Fund,https://www.greenclimate.fund/about/secretariat/management
Green Climate Fund,https://www.greenclimate.fund/about/governance
Abu Dhabi Fund for Development,https://www.adfd.ae/en/who-we-are/our-leadership
African Development Bank,https://www.afdb.org/en/about-us/organisational-structure/board-of-directors
African Development Bank,https://www.afdb.org/en/about-organisational-structure/list-afdb-group-board-members
African Development Bank,https://www.afdb.org/en/about-us/organisational-structure/departments-and-complexes
African Export-Import Bank,https://www.afreximbank.com/our-bank/about-us/board-of-directors/
African Export-Import Bank,https://www.afreximbank.com/our-bank/about-us/management-team/
Arab Bank for Economic Development in Africa,https://www.badea.org/board-of-directors-2/
Arab Bank for Economic Development in Africa,https://www.badea.org/leadership-top-management-team/
Arab Fund for Economic and Social Development,https://www.arabfund.org/introduction/organization-management/
Arab Monetary Fund,https://www.amf.org.ae/en/page/board-directors
Arab Monetary Fund,https://www.amf.org.ae/en/page/board-governors
Arab Monetary Fund,https://www.amf.org.ae/en/page/governance-framework
Asian Development Bank,https://www.adb.org/who-we-are/organization/board-directors
Asian Development Bank,https://www.adb.org/who-we-are/organization
Asian Development Bank,https://www.adb.org/who-we-are/organization/board-governors
Asian Infrastructure Investment Bank,https://www.aiib.org/en/about-aiib/governance/senior-management/index.html
Asian Infrastructure Investment Bank,https://www.aiib.org/en/about-aiib/governance/board-directors/board-members/index.html
Asian Infrastructure Investment Bank,https://www.aiib.org/en/who-we-are/about-aiib/leadership/index.html
Bank for International Settlements,https://www.bis.org/about/board.htm
Bank for International Settlements,https://www.bis.org/about/officials.htm
Black Sea Trade and Development Bank,https://www.bstdb.org/who-we-are/how-we-are-structured/board-of-directors
Black Sea Trade and Development Bank,https://www.bstdb.org/who-we-are/how-we-are-structured/management
CAF - Development Bank of Latin America and the Caribbean,https://www.caf.com/en/who-we-are/organization-chart/
CAF - Development Bank of Latin America and the Caribbean,https://www.caf.com/en/who-we-are/organization-chart/directory/
CAF - Development Bank of Latin America and the Caribbean,https://www.caf.com/en/who-we-are/organization-chart/executive-presidency/
Caribbean Development Bank,https://www.caribank.org/about-us/bank-organisation/board-directors
Caribbean Development Bank,https://www.caribank.org/about-us/bank-organisation/board-governors
Caribbean Development Bank,https://www.caribank.org/about-us/bank-organisation
Central American Bank for Economic Integration,https://archive.bcie.org/en/about-us/organizational-structure/directors
Central American Bank for Economic Integration,https://www.bcie.org/en/about-us/organizational-structure/departments-and-offices
Council of Europe Development Bank,https://coebank.org/en/about/structure-management/governing-board/
Council of Europe Development Bank,https://coebank.org/en/about/structure-management/administrative-council/
Council of Europe Development Bank,https://coebank.org/en/about/structure-management/
Development Bank of the Central African States,https://www.bdeac.org/jcms/ess_5045/organigramme
Development Bank of the Central African States,https://www.bdeac.org/jcms/pre_8246/la-presidence-de-la-bdeac
Development Bank of the Central African States,https://www.bdeac.org/jcms/ess_5488/gouvernance-de-la-bdeac
East African Development Bank,https://eadb.org/about/structure/
East African Development Bank,https://eadb.org/about/our-team/
Eastern and Southern African Trade and Development Bank,https://www.tdbgroup.org/about-us/
ECOWAS Bank for Investment and Development,https://www.bidc-ebid.org/en/home/board-of-directors/
ECOWAS Bank for Investment and Development,https://www.bidc-ebid.org/en/management/
ECOWAS Bank for Investment and Development,https://www.bidc-ebid.org/en/home/board-of-governors/
Eurasian Development Bank,https://eabr.org/en/about/bank-management/chairman/
Eurasian Development Bank,https://eabr.org/en/about/
European Bank for Reconstruction and Development,https://www.ebrd.com/home/who-we-are/our-organisation/ebrd-governance-leadership/ebrd-board-of-directors.html
European Bank for Reconstruction and Development,https://www.ebrd.com/home/who-we-are/our-organisation/ebrd-governance-leadership/ebrd-executive-committee.html
European Bank for Reconstruction and Development,https://www.ebrd.com/home/who-we-are/our-organisation/ebrd-governance-leadership.html
European Investment Bank,https://www.eib.org/en/about/governance-and-structure/statutory-bodies/board-directors/index
European Investment Bank,https://www.eib.org/en/about/governance-and-structure/statutory-bodies/management-committee/index
European Investment Bank,https://www.eib.org/en/about/governance-and-structure/statutory-bodies/board-governors/index
Inter-American Development Bank,https://www.iadb.org/en/who-we-are/how-we-are-organized/board-executive-directors/executive-directors-and-alternates
Inter-American Development Bank,https://www.iadb.org/en/who-we-are/how-we-are-organized/board-executive-directors
Inter-American Development Bank,https://www.iadb.org/en/who-we-are/how-we-are-organized/management-biographies
Inter-American Investment Corporation (IDB Invest),https://idbinvest.org/en/corporate-governance
Inter-American Investment Corporation (IDB Invest),https://idbinvest.org/en/about-us/our-corporate-structure
International Bank for Reconstruction and Development,https://www.worldbank.org/en/about/leadership/directors
International Bank for Reconstruction and Development,https://www.worldbank.org/en/about/leadership
International Development Association,https://ida.worldbank.org/en/about/how-does-ida-work
International Finance Corporation,https://www.ifc.org/en/about/leadership
International Investment Bank,https://iib.int/en/about
Islamic Development Bank,https://www.isdb.org/leadership/board-of-executive-directors
Islamic Development Bank,https://www.isdb.org/leadership/senior-management
Islamic Development Bank,https://www.isdb.org/president
Kuwait Fund for Arab Economic Development,https://www.kuwait-fund.org/web/kfund/who-we-are
Kuwait Fund for Arab Economic Development,https://www.kuwait-fund.org/en/web/kfund/board-meetings
Multilateral Investment Guarantee Agency,https://www.miga.org/board-directors
Multilateral Investment Guarantee Agency,https://www.miga.org/about/management
New Development Bank,https://www.ndb.int/governance/boards/
New Development Bank,https://www.ndb.int/governance/senior-management/
Nordic Investment Bank,https://www.nib.int/about/board-of-directors
Nordic Investment Bank,https://www.nib.int/about/executive-committee
Nordic Investment Bank,https://www.nib.int/about/control-committee-and-auditors
OPEC Fund for International Development,https://opecfund.org/who-we-are/the-organization/governing-board
OPEC Fund for International Development,https://opecfund.org/who-we-are/the-organization/director-general
Saudi Fund for Development,https://www.sfd.gov.sa/en/board-of-directors-view
Saudi Fund for Development,https://www.sfd.gov.sa/en/node/281
West African Development Bank,https://www.boad.org/en/find-out-more/boad-board-of-directors/
West African Development Bank,https://www.boad.org/en/find-out-more/governance
"Gavi, the Vaccine Alliance",https://www.gavi.org/governance/gavi-board/members
"Gavi, the Vaccine Alliance",https://www.gavi.org/about-us/governance
"Gavi, the Vaccine Alliance",https://www.gavi.org/operating-model/gavi-secretariat
"The Global Fund to Fight AIDS, Tuberculosis and Malaria",https://www.theglobalfund.org/en/board/
"The Global Fund to Fight AIDS, Tuberculosis and Malaria",https://www.theglobalfund.org/en/board/committees/
Missile Technology Control Regime,https://www.mtcr.info/en/partners/mtcr-experts-groups
Missile Technology Control Regime,https://www.mtcr.info/en/partners
Nuclear Suppliers Group,https://www.nuclearsuppliersgroup.org/index.php/en/about/organisation
Nuclear Suppliers Group,http://www.nuclearsuppliersgroup.org/index.php/en/about/chairs-corner
Nuclear Suppliers Group,https://www.nuclearsuppliersgroup.org/index.php/en/about/participants
Wassenaar Arrangement,https://www.wassenaar.org/about-us/
Egmont Group of Financial Intelligence Units,https://egmontgroup.org/about/leadership/
Egmont Group of Financial Intelligence Units,https://egmontgroup.org/about/organization-and-structure/
Egmont Group of Financial Intelligence Units,https://egmontgroup.org/en/content/egmont-group-secretariat
Group of 24,https://g24.org/about/organizational-structure-and-governance/
Group of 24,https://g24.org/secretariat/
Group of 24,https://g24.org/members/
Group of 77,https://www.g77.org/doc/presiding.html
Group of 77,https://www.g77.org/doc/
Paris Club,https://clubdeparis.org/en/communications/page/the-chair-and-the-secretariat-of-the-paris-club
Paris Club,https://clubdeparis.org/en/communications/page/who-are-the-members-of-the-paris-club
ASEAN Plus Three,https://aseanplusthree.asean.org/about-apt/
ASEAN Plus Three,https://asean.org/what-we-do/secretary-general-of-asean/
East Asia Summit,https://eastasiasummit.asean.org/about-east-asia-summit
East Asia Summit,https://eastasiasummit.asean.org/eas-participating-country
Open Government Partnership,https://www.opengovpartnership.org/about/who-we-are/steering-committee/sc-composition/
Open Government Partnership,https://www.opengovpartnership.org/about/who-we-are/board-of-directors/
ASEAN Regional Forum,https://aseanregionalforum.asean.org/about-arf/
International Centre for Settlement of Investment Disputes,https://icsid.worldbank.org/about/secretariat
International Centre for Settlement of Investment Disputes,https://icsid.worldbank.org/about/member-states/administrative-council
African Court on Human and Peoples' Rights,https://www.african-court.org/wpafc/current-judges/
African Union Court of Justice and Human Rights,https://au.int/en/legal-organs
African Union Court of Justice and Human Rights,https://au.int/organs/cj
Caribbean Court of Justice,https://ccj.org/about-the-ccj/judges/
Caribbean Court of Justice,https://ccj.org/about-the-ccj/who-we-are/
Central American Court of Justice,http://portal.ccj.org.ni/ccj/
Court of Arbitration for Sport,https://www.tas-cas.org/en/icas/the-board.html
Court of Arbitration for Sport,https://www.tas-cas.org/en/icas/members-2023-2026/
EFTA Court,https://eftacourt.int/the-court/judges-and-staff/
European Court of Human Rights,https://www.echr.coe.int/composition-of-the-court
European Court of Human Rights,https://www.echr.coe.int/presidency-of-the-court
European Court of Human Rights,https://www.echr.coe.int/judicial-formations
Extraordinary Chambers in the Courts of Cambodia,https://www.eccc.gov.kh/en/organisation/chambers
Extraordinary Chambers in the Courts of Cambodia,https://www.eccc.gov.kh/en/organisation/office-of-co-investigating-judges
Extraordinary Chambers in the Courts of Cambodia,https://www.eccc.gov.kh/en/organisation/administration/court-management
International Court of Justice,https://www.icj-cij.org/current-members
International Court of Justice,https://www.icj-cij.org/members
International Criminal Court,https://www.icc-cpi.int/about/presidency
International Criminal Court,https://asp.icc-cpi.int/elections/judges
International Residual Mechanism for Criminal Tribunals,https://www.irmct.org/en/about/principals
International Residual Mechanism for Criminal Tribunals,https://www.irmct.org/en/about/organization
International Tribunal for the Law of the Sea,https://www.itlos.org/en/main/the-tribunal/members/
International Tribunal for the Law of the Sea,https://www.itlos.org/en/main/the-tribunal/the-president/
Permanent Court of Arbitration,https://pca-cpa.org/en/about/introduction/administrative-council/
Permanent Court of Arbitration,https://pca-cpa.org/en/about/introduction/secretary-general/
Residual Special Court for Sierra Leone,https://rscsl.org/the-rscsl/rscsl-principals/
Residual Special Court for Sierra Leone,https://rscsl.org/the-scsl/the-office-of-the-registrar/
Special Tribunal for Lebanon,https://www.stl-tsl.org/en/about-the-stl/biographies/judges-of-the-special-tribunal-for-lebanon
Special Tribunal for Lebanon,https://www.stl-tsl.org/en/about-the-stl/structure-of-the-stl/the-office-of-the-prosecutor
Collective Security Treaty Organization,https://en.odkb-csto.org/secretary_general/
Collective Security Treaty Organization,https://en.odkb-csto.org/structure/
Collective Security Treaty Organization,https://en.odkb-csto.org/authorized_organs/secretariat/
Combined Maritime Forces,https://combinedmaritimeforces.com/cmf-leadership/
Inter-American Defense Board,https://jid.org/en/director-general-2/
Inter-American Defense Board,https://jid.org/en/presidente-2/
Islamic Military Counter Terrorism Coalition,https://www.imctc.org/en/AboutUs/theMilitaryCommander/Pages/default.aspx
NATO Parliamentary Assembly,https://www.nato-pa.int/content/assembly-structure
NATO Parliamentary Assembly,https://www.nato-pa.int/content/secretary-general-1
NATO Parliamentary Assembly,https://www.nato-pa.int/content/international-secretariat
NATO Support and Procurement Agency,https://www.nspa.nato.int/about/leadership
NATO Support and Procurement Agency,https://www.nspa.nato.int/about/leadership/nspa-general-manager
North Atlantic Treaty Organisation,https://www.nato.int/cps/in/natohq/who_is_who.htm
North Atlantic Treaty Organisation,https://www.nato.int/en/about-us/organization/nato-structure/nato-secretary-general
International Council of Museums,https://icom.museum/en/about-us/executive-board/
International Council of Museums,https://icom.museum/en/about-us/general-secretariat/
International Council on Archives,https://www.ica.org/en/the-international-council-on-archives/governance
International Council on Archives,https://www.ica.org/en/about-executive-board
International Council on Archives,https://ica.org/en/governance-2/ica-leadership
International Federation of Library Associations and Institutions,https://www.ifla.org/units/governing-board/
International Federation of Library Associations and Institutions,https://www.ifla.org/governance-structure/
International Federation of Library Associations and Institutions,https://www.ifla.org/board-composition-and-functions/
Forest Stewardship Council,https://fsc.org/en/governance-strategy/board-of-directors
International Union for Conservation of Nature,https://iucn.org/about-iucn/iucn-governance/iucn-president-and-council
International Union for Conservation of Nature,https://www.iucn.org/about/senior-management/leadership-team
International Union for Conservation of Nature,https://iucn.org/about-iucn/iucn-governance
Marine Stewardship Council,https://www.msc.org/about-us/governance/structure/board-of-trustees
Marine Stewardship Council,https://www.msc.org/about-the-msc/who-we-are/our-executive-committee
WWF International,https://www.worldwildlife.org/about/board-and-council/
WWF International,https://www.worldwildlife.org/about/leadership-team/
Extractive Industries Transparency Initiative,https://eiti.org/eiti-board
Extractive Industries Transparency Initiative,https://eiti.org/international-secretariat
Extractive Industries Transparency Initiative,https://eiti.org/governance
International Organisation of Supreme Audit Institutions,https://www.intosai.org/about-us/organs/governing-board
International Organisation of Supreme Audit Institutions,https://www.intosai.org/about-us/organs/general-secretariat.html
World Economic Forum,https://www.weforum.org/about/leadership-and-governance/
Inter-Parliamentary Union,https://www.ipu.org/about-ipu/structure-and-governance/executive-committee
Inter-Parliamentary Union,https://www.ipu.org/about-ipu/structure-and-governance/secretary-general
Inter-Parliamentary Union,https://www.ipu.org/about-ipu/structure-and-governance
Parliamentary Assembly of the Mediterranean,https://pam.int/the-assembly/secretariat
Parliamentary Assembly of the Mediterranean,https://pam.int/the-assembly/
Drugs for Neglected Diseases initiative,https://dndi.org/our-people/our-governance/
Drugs for Neglected Diseases initiative,https://dndi.org/our-people/our-leadership/
International Council of Nurses,https://www.icn.ch/who-we-are/organization/board-directors
International Council of Nurses,https://www.icn.ch/who-we-are/organization
International Council of Nurses,https://www.icn.ch/who-we-are/council-national-nursing-association-representatives-cnr
International Federation of Pharmaceutical Manufacturers and Associations,https://www.ifpma.org/who-we-are/our-governance-and-leadership/
International Federation on Ageing,https://ifa.ngo/about-us/board-of-directors/
International Federation on Ageing,https://ifa.ngo/about-us/governance/
International Federation on Ageing,https://ifa.ngo/about-us/secretariat/
International Pharmaceutical Federation,https://www.fip.org/fip-council
International Pharmaceutical Federation,https://www.fip.org/structure-and-statutes
International Planned Parenthood Federation,https://www.ippf.org/board-of-trustees
International Planned Parenthood Federation,https://www.ippf.org/about-us/accountability/governance
RBM Partnership to End Malaria,https://endmalaria.org/about-us/governance/board
RBM Partnership to End Malaria,https://endmalaria.org/about-us/governance/secretariat
RBM Partnership to End Malaria,https://endmalaria.org/about-us/rbm-partnership-end-malaria-governance
Stop TB Partnership,https://www.stoptb.org/who-we-are/board/board-members
Stop TB Partnership,https://www.stoptb.org/who-we-are/board
Stop TB Partnership,https://www.stoptb.org/who-we-are/board/board-committees/executive-committee
Unitaid,https://unitaid.org/executive-board/
Unitaid,https://unitaid.org/our-organization/
World Medical Association,https://www.wma.net/who-we-are/leaders/
World Medical Association,https://www.wma.net/who-we-are/structure/
World Medical Association,https://www.wma.net/who-we-are/secretariat/
Action Against Hunger,http://www.actioncontrelafaim.org/fr/nos-combats/nous-connaitre/organisation/conseil-administration
CARE International,https://www.care-international.org/our-leaders
CARE International,https://www.care-international.org/who-we-are/governance
Caritas Internationalis,https://www.caritas.org/who-we-are/caritas-governance-and-leadership/
Danish Refugee Council,https://drc.ngo/about-us/organisation/
Danish Refugee Council,https://drc.ngo/en/pages/the-organisation/
International Committee of the Red Cross,https://www.icrc.org/en/governing-bodies-icrc
International Committee of the Red Cross,https://www.icrc.org/en/icrc-directorate
International Committee of the Red Cross,https://www.icrc.org/en/members-international-committee-red-cross
International Federation of Red Cross and Red Crescent Societies,https://www.ifrc.org/who-we-are/people-and-structures/ifrc-governance/governing-board
International Federation of Red Cross and Red Crescent Societies,https://www.ifrc.org/who-we-are/people-and-structures/global-leadership-team
International Federation of Red Cross and Red Crescent Societies,https://www.ifrc.org/who-we-are/people-and-structures/secretary-general
International Rescue Committee,https://www.rescue.org/board-and-advisors
International Rescue Committee,https://www.rescue.org/leadership
Médecins Sans Frontières,https://www.msf.org/international-board
Médecins Sans Frontières,https://www.msf.org/how-we-are-run
Mercy Corps,https://www.mercycorps.org/who-we-are/our-team
Norwegian Refugee Council,https://www.nrc.no/who-we-are/leadership
Norwegian Refugee Council,https://www.nrc.no/who-we-are/secretary-general-jan-egeland
Oxfam International,https://www.oxfam.org/en/our-governance
Oxfam International,https://www.oxfam.org/en/stichting-oxfam-international-board-directors
Plan International,https://plan-international.org/organisation/structure/governance/
Plan International,https://plan-international.org/organisation/structure/leadership-team/
Plan International,https://plan-international.org/organisation/structure/whos-who/
Save the Children International,https://www.savethechildren.net/our-leadership
Save the Children International,https://legacy.savethechildren.net/about-us/our-leadership/global-board
World Vision International,https://www.wvi.org/about-us/our-leadership
World Vision International,https://www.wvi.org/about-us/our-structure
International Association of Prosecutors,https://www.iap-association.org/About/IAP-Executive-Committee/Members-of-the-Executive-Committee
International Association of Prosecutors,https://www.iap-association.org/About/IAP-Executive-Committee
International Bar Association,https://www.ibanet.org/executive-officers
International Bar Association,https://www.ibanet.org/management-board
International Bar Association,https://www.ibanet.org/governance-and-management
International Organisation of Employers,https://www.ioe-emp.org/about-us/our-governance
International Organisation of Employers,https://www.ioe-emp.org/largest-network-of-the-private-sector-in-the-world/our-team
International Social Security Association,https://www.issa.int/about/governance-and-management
International Trade Union Confederation,https://www.ituc-csi.org/conseil-general
International Trade Union Confederation,https://www.ituc-csi.org/ituc-general-secretary
Trade Union Advisory Committee to the OECD,https://tuac.org/about/presidency-working-groups-chairs/
Trade Union Advisory Committee to the OECD,https://tuac.org/about/policy-staff/
World Federation of Trade Unions,https://www.wftucentral.org/presidential-council/
Committee on Data of the International Science Council,https://codata.org/about-codata/executive-committee/
International Astronomical Union,https://www.iau.org/IAU/Iau/Communities/Executive-Committee-Officers.aspx
International Astronomical Union,https://www.iau.org/Iau/Iau/About/Governance-Overview/Executive-Committee.aspx
International Mathematical Union,https://www.mathunion.org/organization/imu-executive-committee
International Mathematical Union,https://www.mathunion.org/organization/imu-leadership-2023-2026
International Science Council,https://council.science/about-us/governance/governing-board/
International Science Council,https://council.science/about-us/staff/
International Statistical Institute,https://isi-web.org/board-council-and-office
International Union of Biological Sciences,https://iubs.org/about-us/board-present-2/
International Union of Biological Sciences,https://iubs.org/about-us/iubss-governance/
International Union of Geodesy and Geophysics,https://iugg.org/about/iugg-administration/
International Union of Geological Sciences,https://www.iugs.org/executive
International Union of Geological Sciences,https://www.iugs.org/organization/governing-bodies
International Union of Pure and Applied Chemistry,https://iupac.org/who-we-are/executive-board/
International Union of Pure and Applied Chemistry,https://iupac.org/who-we-are/our-leadership/
International Union of Pure and Applied Chemistry,https://iupac.org/who-we-are/science-board/
International Union of Pure and Applied Physics,https://iupap.org/who-we-are/internal-organization/officers-council/executive-council-members-2025-2027/
International Union of Pure and Applied Physics,https://iupap.org/who-we-are/internal-organization/officers-council/
PEN International,https://www.pen-international.org/who-we-are/
African Network Information Centre,https://afrinic.net/board
African Network Information Centre,https://afrinic.net/team
African Network Information Centre,https://afrinic.net/governance
American Registry for Internet Numbers,https://www.arin.net/about/welcome/board/
American Registry for Internet Numbers,https://www.arin.net/about/welcome/staff/
American Registry for Internet Numbers,https://www.arin.net/about/welcome/ac/
Asia-Pacific Network Information Centre,https://www.apnic.net/about-apnic/organization/structure/apnic-executive-council/ec-members/
Asia-Pacific Network Information Centre,https://www.apnic.net/about-apnic/team/
Institute of Electrical and Electronics Engineers,https://www.ieee.org/about/corporate/board
Institute of Electrical and Electronics Engineers,https://www.ieee.org/about/corporate/leadership.html
Internet Corporation for Assigned Names and Numbers,https://www.icann.org/en/board/directors
Internet Corporation for Assigned Names and Numbers,https://www.icann.org/en/board/board-of-directors
Internet Society,https://www.internetsociety.org/board-of-trustees/2024-2025/
Internet Society,https://www.internetsociety.org/board-of-trustees/
Latin America and Caribbean Network Information Centre,https://www.lacnic.net/73/2/lacnic/current-board-of-directors
Latin America and Caribbean Network Information Centre,https://www.lacnic.net/1335/2/lacnic/board-of-directors
Réseaux IP Européens Network Coordination Centre,https://www.ripe.net/about-us/executive-board/biographies/
Réseaux IP Européens Network Coordination Centre,https://www.ripe.net/about-us/staff/structure/
Réseaux IP Européens Network Coordination Centre,https://www.ripe.net/about-us/executive-board/
International Chamber of Commerce,https://iccwbo.org/governance/icc-executive-board/
International Chamber of Commerce,https://iccwbo.org/governance/chairmanship-and-secretary-general/
International Chamber of Commerce,https://iccwbo.org/governance/
International Tin Association,https://www.internationaltin.org/management-team/
Arab Air Carriers' Organization,https://www.aaco.org/about-us/governance
Bureau International des Containers et du Transport Intermodal,https://www.bic-code.org/board/
Asian Football Confederation,https://www.the-afc.com/en/about_afc/committees/executive_committee.html
Association of National Olympic Committees,https://www.anocolympic.org/executive-council/
Association of National Olympic Committees,https://www.anocolympic.org/structure/
Association of National Olympic Committees of Africa,https://africaolympic.com/en/about-anoca/executive-committee/
Association of Summer Olympic International Federations,https://www.asoif.com/about/council
Badminton World Federation,https://corporate.bwfbadminton.com/about/council/
Badminton World Federation,https://corporate.bwfbadminton.com/about/governance/
Badminton World Federation,https://corporate.bwfbadminton.com/about/council-committee/
Commonwealth Sport,https://www.commonwealthsport.com/commonwealth-sport/board
Commonwealth Sport,https://www.commonwealthsport.com/commonwealth-sport/governance
Commonwealth Sport,https://www.commonwealthsport.com/commonwealth-sport/team/ceo-office
Confederación Sudamericana de Fútbol,https://www.conmebol.com/el-consejo/
Confederación Sudamericana de Fútbol,https://www.conmebol.com/comisiones/
Confédération Africaine de Football,https://www.cafonline.com/inside-caf/about-us/organization/executive-committee/
Confédération Africaine de Football,https://www.cafonline.com/inside-caf/about-us/caf-president/
Confédération Africaine de Football,https://www.cafonline.com/en/inside-caf/about-us/legal/legal-bodies/
"Confederation of North, Central America and Caribbean Association Football",https://www.concacaf.com/inside-concacaf/about-concacaf/concacaf-council/
"Confederation of North, Central America and Caribbean Association Football",https://www.concacaf.com/inside-concacaf/about-concacaf/concacaf-general-secretary/
"Confederation of North, Central America and Caribbean Association Football",https://www.concacaf.com/inside-concacaf/about-concacaf/standing-committees
Fédération Equestre Internationale,https://inside.fei.org/fei/about-fei/structure/fei-board
Fédération Equestre Internationale,https://inside.fei.org/fei/about-fei/structure/executive-board/executive-board
Fédération Equestre Internationale,https://inside.fei.org/fei/about-fei/structure/fei-headquarters/governance
Fédération Internationale de Football Association,https://inside.fifa.com/organisation/fifa-council
Fédération Internationale de Football Association,https://inside.fifa.com/organisation/secretary-general
Fédération Internationale de Football Association,https://inside.fifa.com/organisation/committees
Fédération Internationale de Gymnastique,https://www.gymnastics.sport/site/pages/about-ec.php
Fédération Internationale de Gymnastique,https://www.gymnastics.sport/site/pages/about-council.php
Fédération Internationale de Gymnastique,https://www.gymnastics.sport/site/governance.php
Fédération Internationale de l'Automobile,https://www.fia.com/officers
Fédération Internationale de l'Automobile,https://www.fia.com/world-motor-sport-council
Fédération Internationale de l'Automobile,https://www.fia.com/presidency
Fédération Internationale de Motocyclisme,https://www.fim-moto.com/en/fim/board-of-directors
Fédération Internationale de Volleyball,https://www.fivb.com/inside-fivb/fivb/structure/board-of-administration/
Fédération Internationale de Volleyball,https://www.fivb.com/inside-fivb/fivb/structure/executive-committee/
Fédération Internationale de Volleyball,https://www.fivb.com/inside-fivb/fivb/structure/
International Basketball Federation,https://about.fiba.basketball/en/organization/structure/central-board
International Basketball Federation,https://about.fiba.basketball/en/organization/structure/executive-committee
International Basketball Federation,https://about.fiba.basketball/en/organization/structure/our-governance
International Boxing Association,https://www.iba.sport/about-iba/organizational-structure/iba-board-of-directors/
International Boxing Association,https://www.iba.sport/about-iba/organizational-structure/staff/
International Boxing Association,https://www.iba.sport/about-iba/governance-and-integrity/
International Canoe Federation,https://www.canoeicf.com/icf-structure
International Canoe Federation,https://www.canoeicf.com/committee
International Cricket Council,https://www.icc-cricket.com/about/the-icc/structure/board
International Cricket Council,https://www.icc-cricket.com/about/the-icc/structure/committees
International Cricket Council,https://www.icc-cricket.com/about/the-icc/structure/chairman
International Golf Federation,https://www.igfgolf.org/administrative-committee
International Golf Federation,https://www.igfgolf.org/about/governance
International Handball Federation,https://www.ihf.info/about/committee
International Handball Federation,https://www.ihf.info/about/council/all
International Hockey Federation,https://www.fih.hockey/about-fih/executive-board
International Hockey Federation,https://www.fih.hockey/about-fih/team-fih
International Hockey Federation,https://www.fih.hockey/about-fih/committee-panel
International Ice Hockey Federation,https://www.iihf.com/en/statichub/4628/council
International Judo Federation,https://www.ijf.org/ijf/organisation
International Judo Federation,https://www.ijf.org/ijf/commissions
International Olympic Committee,https://www.olympics.com/ioc/executive-board
International Olympic Committee,https://www.olympics.com/ioc/members
International Olympic Committee,https://www.olympics.com/ioc/directors
International Paralympic Committee,https://www.paralympic.org/ipc-governing-board
International Paralympic Committee,https://www.paralympic.org/management-team
International Paralympic Committee,https://www.paralympic.org/ipc-bodies
International Shooting Sport Federation,https://issf-sports.org/theissf/organisation/administrative_council.ashx
International Skating Union,https://www.isu.org/meet-the-team/
International Skating Union,https://www.isu.org/isu-council/
International Ski and Snowboard Federation,https://www.fis-ski.com/inside-fis/governance/council
International Table Tennis Federation,https://www.ittf.com/committees/committee-members/
International Table Tennis Federation,https://www.ittf.com/governance/
International Tennis Federation,https://www.itftennis.com/en/about-us/organisation/company-structure/
International Tennis Federation,https://www.itftennis.com/en/about-us/governance/committees-and-commissions/
International Weightlifting Federation,https://iwf.sport/focus-on-iwf/executive-board/
International Weightlifting Federation,https://iwf.sport/focus-on-iwf/secretariat/
Oceania Football Confederation,https://www.oceaniafootball.com/governance/executive-committee/
Olympic Council of Asia,https://oca.asia/council/executive-board/
Pan American Sports Organization,https://www.panamsports.org/en/about-panamsports/executive-committee/
SportAccord,https://www.sportaccord.sport/executive-committee/
SportAccord,https://www.sportaccord.sport/team/
Union Cycliste Internationale,https://www.uci.org/members-mangement-committee/7zYeHYG0yhUYhW8zOWWhZL
Union Cycliste Internationale,https://www.uci.org/management-committee/2aaJY7PhhuJUt4ixUsgjiy
Union of European Football Associations,https://www.uefa.com/about/how-we-work/executive-committee/
Union of European Football Associations,https://www.uefa.com/insideuefa/about-uefa/administration/
World Aquatics,https://www.worldaquatics.com/structure/bureau
World Aquatics,https://www.worldaquatics.com/structure/executive
World Archery Federation,https://www.worldarchery.sport/about-us/organisation/executive-board
World Archery Federation,https://www.worldarchery.sport/about-us/organisation/committees
World Archery Federation,https://www.worldarchery.sport/about-us/organisation
World Athletics,https://worldathletics.org/about-iaaf/structure/council
World Athletics,https://worldathletics.org/about-iaaf/structure/executive-board
World Baseball Softball Confederation,https://www.wbsc.org/en/organisation/leadership/executive-board
World Baseball Softball Confederation,https://www.wbsc.org/en/organisation/leadership
World Baseball Softball Confederation,https://www.wbsc.org/en/organisation/leadership/presidential-council
World Boxing,https://worldboxing.org/about/leadership/
World Boxing,https://worldboxing.org/governance/
World Curling,https://worldcurling.org/about/board/
World Curling,https://worldcurling.org/about/directors/
World Curling,https://worldcurling.org/governance/
World Rowing Federation,https://www.worldrowing.com/about/organisation/governance/council/
World Rowing Federation,https://www.worldrowing.com/about/organisation/
World Sailing,https://www.sailing.org/inside-world-sailing/organisation/governance/organisational-structure/
World Sailing,https://www.sailing.org/inside-world-sailing/organisation/governance/commissions-committees-womens-forum/world-sailing-council/
World Taekwondo,http://www.worldtaekwondo.org/about-wt/council_more17.html
World Triathlon,https://triathlon.org/about/executive-board
World Triathlon,https://triathlon.org/governance
Asia/Pacific Group on Money Laundering,https://www.apgml.org/about-us/co-chairs
Asia/Pacific Group on Money Laundering,https://www.apgml.org/about-us/secretariat
Asia/Pacific Group on Money Laundering,https://www.apgml.org/about-us/governance-committee
Basel Committee on Banking Supervision,https://www.bis.org/bcbs/organ_and_gov.htm
Basel Committee on Banking Supervision,https://www.bis.org/bcbs/membership.htm
Caribbean Financial Action Task Force,https://www.cfatf-gafic.org/how-are-we-organized
Committee of Experts on the Evaluation of Anti-Money Laundering Measures,https://www.coe.int/en/web/moneyval/moneyval-brief/structure
Committee of Experts on the Evaluation of Anti-Money Laundering Measures,https://www.coe.int/en/web/moneyval/moneyval-brief/secretariat
Eastern and Southern Africa Anti-Money Laundering Group,https://www.esaamlg.org/index.php/about_esaamlg_secretariet
Eastern and Southern Africa Anti-Money Laundering Group,https://www.esaamlg.org/about
Eurasian Group on Combating Money Laundering and Financing of Terrorism,https://eurasiangroup.org/en/eag-secretariat
Eurasian Group on Combating Money Laundering and Financing of Terrorism,https://eurasiangroup.org/en/organizational-chart
Financial Action Task Force,https://www.fatf-gafi.org/en/the-fatf/fatf-presidency.html
Financial Action Task Force,https://www.fatf-gafi.org/en/the-fatf/fatf-secretariat.html
Financial Action Task Force of Latin America,https://gafilat.org/index.php/es/gafilat/el-equipo
Financial Action Task Force of Latin America,https://www.gafilat.org/index.php/en/espanol/13-inicio/la-secretaria/30-la-secretaria
Financial Stability Board,https://www.fsb.org/about/organisation-and-governance/
Financial Stability Board,https://www.fsb.org/about/organisation-and-governance/members-of-the-financial-stability-board/
Inter-Governmental Action Group against Money Laundering in West Africa,https://www.giaba.org/about-giaba/1871__executive-leadership.html
Inter-Governmental Action Group against Money Laundering in West Africa,https://www.giaba.org/meet-executive-director/
International Association of Insurance Supervisors,https://www.iais.org/about-the-iais/iais-leadership/
International Association of Insurance Supervisors,https://www.iais.org/about-the-iais/organisational-structure/
International Association of Insurance Supervisors,https://www.iais.org/about-the-iais/iais-secretariat/
Middle East and North Africa Financial Action Task Force,https://www.menafatf.org/about/presidency
Middle East and North Africa Financial Action Task Force,https://www.menafatf.org/about/secretariat
Society for Worldwide Interbank Financial Telecommunication,https://www.swift.com/about-us/organisation-governance/swift-board-directors
Society for Worldwide Interbank Financial Telecommunication,https://www.swift.com/about-us/organisation-governance/swift-management
Society for Worldwide Interbank Financial Telecommunication,https://www.swift.com/about-us/organisation-governance
International Testing Agency,https://ita.sport/about-us/structure/
World Anti-Doping Agency,https://www.wada-ama.org/en/who-we-are/governance/executive-committee
World Anti-Doping Agency,https://www.wada-ama.org/en/who-we-are/governance/foundation-board
World Anti-Doping Agency,https://www.wada-ama.org/en/who-we-are/governance
ASTM International,https://www.astm.org/about/governance/board-of-directors
GS1,https://www.gs1.org/about/management-board
International Electrotechnical Commission,https://www.iec.ch/management-structure
International Organization for Standardization,https://www.iso.org/principal-officers.html
International Organization for Standardization,https://www.iso.org/structure.html
Internet Engineering Task Force,https://www.ietf.org/about/groups/iesg/members/
Internet Engineering Task Force,https://www.ietf.org/about/groups/
Internet Engineering Task Force,https://www.ietf.org/about/groups/iab/
Standards and Metrology Institute for Islamic Countries,https://smiic.org/en/structure
Standards and Metrology Institute for Islamic Countries,https://smiic.org/en/standardization-management-council-smc
Unicode Consortium,https://www.unicode.org/consortium/directors.html
Unicode Consortium,https://www.unicode.org/consortium/officers.html
Unicode Consortium,https://www.unicode.org/consortium/
World Wide Web Consortium,https://www.w3.org/about/leadership/
World Wide Web Consortium,https://www.w3.org/groups/other/board/
World Wide Web Consortium,https://www.w3.org/staff/w3m/
European Food Safety Authority,https://www.efsa.europa.eu/en/people/mbmembers
European Food Safety Authority,https://www.efsa.europa.eu/en/people/operationalmanagement
European Food Safety Authority,https://www.efsa.europa.eu/en/about/governance
European Chemicals Agency,https://www.echa.europa.eu/about-us/who-we-are/management-board/management-board-members
European Chemicals Agency,https://echa.europa.eu/about-us/who-we-are/management-board
European Chemicals Agency,https://echa.europa.eu/about-us/who-we-are/executive-director
European Environment Agency,https://www.eea.europa.eu/en/about/who-we-are/governance/list-of-management-board-members
European Environment Agency,https://www.eea.europa.eu/en/about/who-we-are/governance/executive-director
European Environment Agency,https://www.eea.europa.eu/en/about/who-we-are/governance
Bank of Central African States,https://www.beac.int/beac/le-gouvernement-de-la-banque/
Bank of Central African States,https://www.beac.int/beac/organisation/
Central Bank of West African States,https://www.bceao.int/fr/content/le-conseil-dadministration
Central Bank of West African States,https://www.bceao.int/fr/content/le-gouverneur
Central Bank of West African States,https://www.bceao.int/fr/content/organes-de-la-bceao
Eastern Caribbean Central Bank,https://www.eccb-centralbank.org/board-of-directors
Eastern Caribbean Central Bank,https://www.eccb-centralbank.org/executive-committee
Eastern Caribbean Central Bank,https://www.eccb-centralbank.org/management-team
European Banking Authority,https://www.eba.europa.eu/about-us/organisation-and-governance/governance-structure-and-decision-making/board-supervisors
European Banking Authority,https://www.eba.europa.eu/about-us/organisation-and-governance/governance-structure-and-decision-making/management-board
European Banking Authority,https://www.eba.europa.eu/about-us/organisation/board-of-supervisors/members
European Central Bank,https://www.ecb.europa.eu/ecb/decisions/eb/html/index.en.html
European Central Bank,https://www.ecb.europa.eu/ecb/decisions/govc/html/index.en.html
European Central Bank,https://www.ecb.europa.eu/ecb/orga/html/index.en.html
European Court of Auditors,https://www.eca.europa.eu/en/governance
European Insurance and Occupational Pensions Authority,https://www.eiopa.europa.eu/about/governance-structure/management-board_en
European Insurance and Occupational Pensions Authority,https://www.eiopa.europa.eu/about/governance-structure/board-supervisors_en
European Insurance and Occupational Pensions Authority,https://register.eiopa.europa.eu/Pages/About-EIOPA/Organisation/Chairperson-and-Executive-Director.aspx
European Securities and Markets Authority,https://www.esma.europa.eu/about-esma/governance-structure/board-of-supervisors
European Securities and Markets Authority,https://www.esma.europa.eu/about-esma/governance-structure/management-board
European Securities and Markets Authority,https://www.esma.europa.eu/about-esma/governance-structure/senior-management
Council of the European Union,https://www.consilium.europa.eu/en/general-secretariat/
Council of the European Union,https://www.consilium.europa.eu/en/general-secretariat/secretary-general/
Council of the European Union,https://www.consilium.europa.eu/en/council-eu/presidency-council-eu/
European Commission,https://commission.europa.eu/about/organisation/college-commissioners_en
European Commission,https://commissioners.ec.europa.eu/college-commissioners-2019-2024_en
European Council,https://www.consilium.europa.eu/en/european-council/members/
European Council,https://www.consilium.europa.eu/en/european-council/president/
European Parliament,https://www.europarl.europa.eu/about-parliament/en/organisation-and-rules/organisation/political-bodies
European Parliament,https://www.europarl.europa.eu/about-parliament/en/organisation-and-rules/organisation/the-president
European Parliament,https://the-president.europarl.europa.eu/en
European Medicines Agency,https://www.ema.europa.eu/en/about-us/who-we-are/management-board/members
European Medicines Agency,https://www.ema.europa.eu/en/about-us/who-we-are/management-board
European Medicines Agency,https://www.ema.europa.eu/en/about-us/who-we-are/executive-director
Court of Justice of the European Union,https://curia.europa.eu/jcms/jcms/Jo2_7026/en/
Court of Justice of the European Union,https://curia.europa.eu/jcms/jcms/Jo2_7024/en/
European Union Agency for Criminal Justice Cooperation,https://www.eurojust.europa.eu/about-us/organisation
European Union Agency for Criminal Justice Cooperation,https://www.eurojust.europa.eu/about-us/organisation/executive-board
European Union Agency for Criminal Justice Cooperation,https://www.eurojust.europa.eu/about-us/organisation/presidency
European Union Agency for Law Enforcement Cooperation,https://www.europol.europa.eu/management-board-members
European Union Agency for Law Enforcement Cooperation,https://www.europol.europa.eu/about-europol/governance-accountability
European Union Agency for Law Enforcement Cooperation,https://www.europol.europa.eu/executive-director-of-europol
European Border and Coast Guard Agency,https://www.frontex.europa.eu/about-frontex/management-board/
European Border and Coast Guard Agency,https://www.frontex.europa.eu/about-frontex/who-we-are/structure/
European Defence Agency,https://eda.europa.eu/who-we-are/organigram/governance
European Defence Agency,https://www.eda.europa.eu/who-we-are/organigram/chief-executive
European Defence Agency,https://eda.europa.eu/who-we-are/organigram/head-of-agency
European External Action Service,https://www.eeas.europa.eu/eeas/about-european-external-action-service_en
European Union Agency for Cybersecurity,https://www.enisa.europa.eu/about-enisa/structure-organization/management-board
European Union Agency for Cybersecurity,https://www.enisa.europa.eu/about-enisa/structure-organization/executive-director/the-executive-director
European Union Agency for Cybersecurity,https://www.enisa.europa.eu/about-enisa/structure-organization/executive-board
European Union Agency for the Operational Management of Large-Scale IT Systems,https://www.eulisa.europa.eu/about-us/organisation/top-management
European Union Agency for the Operational Management of Large-Scale IT Systems,https://www.eulisa.europa.eu/about-us/organisation/eu-lisa-management-board
Statistical Office of the European Union,https://ec.europa.eu/eurostat/about-us/organisation
Statistical Office of the European Union,https://ec.europa.eu/eurostat/about-us/who-does-what
Eurasian Economic Union,https://eec.eaeunion.org/en/comission/collegium-members/
Eurasian Economic Union,https://eec.eaeunion.org/en/comission/collegium/
Arab Organization for Agricultural Development,https://www.aoad.org/EStructure.htm
Codex Alimentarius Commission,https://www.fao.org/fao-who-codexalimentarius/committees/executive-committee/about/en/
Codex Alimentarius Commission,https://www.fao.org/fao-who-codexalimentarius/committees/cac/about/en/
Global Crop Diversity Trust,https://www.croptrust.org/about/governance/executive-board/
Global Crop Diversity Trust,https://www.croptrust.org/who-we-are/team/
Inter-American Institute for Cooperation on Agriculture,https://iica.int/en/about-us/dg/
International Cocoa Organization,https://www.icco.org/who-we-are/governance/
International Cocoa Organization,https://www.icco.org/contact/contact_the_secretariat/
International Coffee Organization,https://ico.org/governance-office-holders/
International Coffee Organization,https://ico.org/what-we-do/secretariat/
International Cotton Advisory Committee,https://icac.org/members-of-the-secretariat
International Grains Council,https://igc.int/public-site/aboutus.aspx
International Olive Council,https://www.internationaloliveoil.org/structure-2/
International Olive Council,http://www.internationaloliveoil.org/estaticos/view/140-directorship
International Olive Council,https://www.internationaloliveoil.org/who-we-are/
International Organisation of Vine and Wine,https://www.oiv.int/who-we-are/member-states-and-observers
International Sugar Organization,https://www.isosugar.org/aboutus/international-sugar-organization-team
International Sugar Organization,https://www.isosugar.org/page/ISO%20Chairman%202026
International Union for the Protection of New Varieties of Plants,https://www.upov.int/about/en/office_of_upov.html
International Union for the Protection of New Varieties of Plants,https://www.upov.int/about/en/organigram.html
Biological Weapons Convention Implementation Support Unit,https://disarmament.unoda.org/en/our-work/weapons-mass-destruction/biological-weapons/implementation-support-unit
Comprehensive Nuclear-Test-Ban Treaty Organization,https://www.ctbto.org/our-mission/the-organization/the-provisional-technical-secretariat
Comprehensive Nuclear-Test-Ban Treaty Organization,https://www.ctbto.org/our-mission/the-organization/the-provisional-technical-secretariat/cv-dr-robert-floyd
Comprehensive Nuclear-Test-Ban Treaty Organization,https://www.ctbto.org/the-organization/the-provisional-technical-secretariat-pts/organizational-structure-of-the-pts/
Conference on Disarmament,https://disarmament.unoda.org/en/our-work/disarmament-bodies/conference-disarmament
European Atomic Energy Community,https://european-union.europa.eu/institutions-law-budget/institutions-and-bodies/search-all-eu-institutions-and-bodies/euratom-supply-agency-esa_en
European Atomic Energy Community,https://euratom-supply.ec.europa.eu/about-esa/governance/advisory-committee_en
Organisation for the Prohibition of Chemical Weapons,https://www.opcw.org/about/technical-secretariat/leadership/director-general
Organisation for the Prohibition of Chemical Weapons,https://www.opcw.org/about-us/executive-council
Organisation for the Prohibition of Chemical Weapons,https://www.opcw.org/about/technical-secretariat
"Arab League Educational, Cultural and Scientific Organization",http://www.alecso.org/nsite/en/organizational-structure
"Arab League Educational, Cultural and Scientific Organization",https://www.alecso.org/nsite/en/director-general
"Arab League Educational, Cultural and Scientific Organization",http://www.alecso.org/nsite/en/executive-council-and-general-conference/executive-board/introduction-to-the-executive-board
European University Institute,https://www.eui.eu/en/public/about/governing-bodies
European University Institute,https://www.eui.eu/en/public/about/governance
European University Institute,https://www.eui.eu/en/public/about/president
"Islamic Educational, Scientific and Cultural Organization",https://icesco.org/en/who-we-are/about/icesco-leaders/
"Islamic Educational, Scientific and Cultural Organization",https://www.icesco.org/en/general-directorate/
Organization of Ibero-American States,https://oei.int/secretario-general/
Organization of Ibero-American States,https://oei.int/equipo/
Organization of Ibero-American States,https://oei.int/oficinas/secretaria-general/
Energy Charter Secretariat,https://www.energycharter.org/who-we-are/secretariat/staff/office-of-the-secretary-general-deputy-secretary-general/
Energy Charter Secretariat,https://www.energycharter.org/who-we-are/secretariat/staff/
Energy Community,https://www.energy-community.org/secretariat/organisation.html
Energy Community,https://www.energy-community.org/secretariat/about.html
Gas Exporting Countries Forum,https://www.gecf.org/About-Us/Organisation/Secretary-General
Gas Exporting Countries Forum,https://www.gecf.org/about/executive-board-ministers.aspx
Gas Exporting Countries Forum,https://www.gecf.org/About-Us/Organisation
International Energy Agency,https://www.iea.org/about/structure
International Energy Agency,https://www.iea.org/contributors/fatih-birol
International Energy Forum,https://www.ief.org/about/leadership
International Energy Forum,https://www.ief.org/about/secretary-general
International Renewable Energy Agency,https://www.irena.org/About/Senior-Management
International Renewable Energy Agency,https://www.irena.org/About/Institutional-Structure/Council
International Renewable Energy Agency,https://www.irena.org/Director-General
Latin American Energy Organization,https://www.olade.org/en/olade-about/
Organization of Arab Petroleum Exporting Countries,https://www.oapecorg.org/Home/About-Us/Organizational-Structure/Council-of-Ministers/General-Secretariat
Organization of Arab Petroleum Exporting Countries,https://www.oapecorg.org/Home/About-Us/Organizational-Structure/Council-of-Ministers
Organization of the Petroleum Exporting Countries,https://www.opec.org/secretary-general.html
Organization of the Petroleum Exporting Countries,https://www.opec.org/office-of-the-secretary-general.html
Amazon Cooperation Treaty Organization,https://otca.org/en/permanent-secretariat-of-the-amazon-cooperation-treaty-organization/
Amazon Cooperation Treaty Organization,https://otca.org/en/who-we-are/
Arctic Council,https://arctic-council.org/about/secretariat/
Arctic Council,https://arctic-council.org/about/
Arctic Council,https://arctic-council.org/about/previous-chairmanships/
Commission for the Conservation of Antarctic Marine Living Resources,https://www.ccamlr.org/en/organisation/secretariats-current-staff
Commission for the Conservation of Antarctic Marine Living Resources,https://www.ccamlr.org/en/organisation/secretariat
Commission for the Conservation of Antarctic Marine Living Resources,https://www.ccamlr.org/en/organisation/secretariat-structure
Convention on the Conservation of Migratory Species of Wild Animals,https://www.cms.int/convention-bodies/secretariat/staff
Convention on the Conservation of Migratory Species of Wild Animals,https://www.cms.int/en/convention-bodies/secretariat/list-executive-secretaries-convention-migratory-species
Convention on the Conservation of Migratory Species of Wild Animals,https://www.cms.int/about/secretariat
General Fisheries Commission for the Mediterranean,https://www.fao.org/gfcm/about/structure/en/
Global Green Growth Institute,https://gggi.org/who-we-are/governance/
Indian Ocean Tuna Commission,https://iotc.org/about-iotc/staff
Indian Ocean Tuna Commission,https://iotc.org/about-iotc/structure-commission
Inter-American Tropical Tuna Commission,https://www.iattc.org/StaffENG.htm
International Commission for the Conservation of Atlantic Tunas,https://www.iccat.int/en/staff.html
International Commission for the Conservation of Atlantic Tunas,https://www.iccat.int/en/secretariat.html
International Commission for the Conservation of Atlantic Tunas,https://www.iccat.int/en/organization.html
International Council for the Exploration of the Sea,https://www.ices.dk/about-ICES/who-we-are/Pages/Bureau.aspx
International Council for the Exploration of the Sea,https://www.ices.dk/community/groups/Pages/COUNCIL.aspx
International Seabed Authority,https://isa.org.jm/organs/the-secretariat/
International Seabed Authority,https://isa.org.jm/the-secretary-general/
International Seabed Authority,https://isa.org.jm/organs/the-council/
International Whaling Commission,https://iwc.int/commission/bureau
International Whaling Commission,https://iwc.int/secretariat
International Whaling Commission,https://iwc.int/commission/members
Lake Chad Basin Commission,https://cblt.org/management-team/
Mekong River Commission,https://www.mrcmekong.org/governance-and-organisational-structure/
Mekong River Commission,https://www.mrcmekong.org/senior-staff/
Mekong River Commission,https://www.mrcmekong.org/mrc-secretariat/
Niger Basin Authority,https://www.abn.ne/index.php/en/abn1/executive-secretariat/niger-basin-observatory
Nile Basin Initiative,https://nilebasin.org/center/nilesec
Nile Basin Initiative,https://nilebasin.org/about-us/who-we-are
North Atlantic Salmon Conservation Organization,https://nasco.int/about/council/
North Atlantic Salmon Conservation Organization,https://nasco.int/about/
North-East Atlantic Fisheries Commission,https://www.neafc.org/page/18
Northwest Atlantic Fisheries Organization,https://www.nafo.int/About-us/Secretariat
Northwest Atlantic Fisheries Organization,https://www.nafo.int/About-us/Commission
Organization for the Development of the Senegal River,https://www.omvs.org/gouvernance/
Organization for the Development of the Senegal River,https://www.omvs.org/haut-commissariat/
Permanent Interstate Committee for Drought Control in the Sahel,https://www.cilss.int/presentation-du-cilss/
Secretariat of the Antarctic Treaty,https://www.ats.aq/e/secretariat.html
Secretariat of the Convention on International Trade in Endangered Species of Wild Fauna and Flora,https://cites.org/eng/disc/sec/staff.php
Secretariat of the Convention on International Trade in Endangered Species of Wild Fauna and Flora,https://cites.org/eng/about/sec/Secretary-General
Secretariat of the Convention on International Trade in Endangered Species of Wild Fauna and Flora,https://cites.org/eng/disc/sec/index.php
Secretariat of the Convention on Wetlands,https://www.ramsar.org/about/bodies/secretariat
Secretariat of the Convention on Wetlands,https://www.ramsar.org/about/bodies/secretary-general
South Asian Cooperative Environment Programme,http://www.sacep.org/organizational-structure
South East Atlantic Fisheries Organisation,http://www.seafo.org/Management
South East Atlantic Fisheries Organisation,http://www.seafo.org/SEAFO-Bodies/The-Secretariat/Staff-Regulations
South Pacific Regional Fisheries Management Organisation,https://www.sprfmo.int/about/secretariat
South Pacific Regional Fisheries Management Organisation,https://www.sprfmo.int/about/chairpersons
Western and Central Pacific Fisheries Commission,https://www.wcpfc.int/about/who-we-are/secretariat-staff
Western and Central Pacific Fisheries Commission,https://www.wcpfc.int/about/who-we-are/wcpfc-officeholders
African Union Development Agency-NEPAD,https://www.nepad.org/who-we-are/leadership
African Union Development Agency-NEPAD,https://www.nepad.org/ceo
Colombo Plan,https://colombo-plan.org/the-secretariat/
Colombo Plan,https://colombo-plan.org/the-sg/
Colombo Plan,https://colombo-plan.org/the_council/
Council of the Entente,http://www.conseildelentente.org/index.php/institution/organes.html
Council of the Entente,http://conseildelentente.org/index.php/institution/historique/62-blog-du-se/65-presentation-du-secretaire-executif.html
Economic and Monetary Community of Central Africa,https://cemac.int/commission/
Economic and Monetary Community of Central Africa,https://cemac.int/organes-communaute/
Greater Mekong Subregion,https://greatermekong.org/g/gms-contacts
Liptako-Gourma Authority,https://liptakogourma.org/alg-organigramme/
Liptako-Gourma Authority,https://liptakogourma.org/conseil-des-ministres/
West African Economic and Monetary Union,https://www.uemoa.int/en/organes/commission
West African Economic and Monetary Union,https://www.uemoa.int/en/message-from-the-president
African Peer Review Mechanism,https://www.aprm-au.org/apr-secretariat/
African Peer Review Mechanism,https://www.aprm-au.org/apr-forum/
African Union,https://au.int/en/executivecouncil
African Union,https://au.int/en/cpau
African Union,https://au.int/en/auc-chairperson
African Union Commission,https://au.int/en/commission
African Union Commission,https://au.int/en/auc-chairperson
African Union Commission,https://au.int/en/cpauc6
Arab Maghreb Union,https://maghrebarabe.org/en/the-general-secretariat/
Arab Maghreb Union,https://maghrebarabe.org/en/uma-institutions/
Arab Maghreb Union,https://maghrebarabe.org/en/biography/
Arab Parliament,http://www.ar-pr.org/CV/CvEnPress.pdf
Asia Cooperation Dialogue,http://www.acd-dialogue.org/secretary-general-of-provisional-secretariat.html
Association of Caribbean States,https://www.acs-aec.org/en/about-us/structure-and-organisation
Association of Caribbean States,https://www.acs-aec.org/en/basic/our-secretary-general
Association of Caribbean States,https://www.acs-aec.org/en/about-us/office-chief-executive-coordinator
Association of Southeast Asian Nations,https://asean.org/what-we-do/secretary-general-of-asean/
Association of Southeast Asian Nations,https://asean.org/what-we-do/secretary-general-of-asean/deputy-secretaries-general-of-asean/
Association of Southeast Asian Nations,https://asean.org/the-asean-secretariat-basic-mandate-functions-and-composition/organizational-structure-of-the-asean-secretariat-2/
Baltic Assembly,https://baltasam.org/about-us/presidium
Baltic Assembly,https://www.baltasam.org/about-us/secretariat
Bolivarian Alliance for the Peoples of Our America,https://www.albatcp.org/acta/estructura-y-funcionamiento-alba-tcp/
Bolivarian Alliance for the Peoples of Our America,https://www.albatcp.org/comunicado/jorge-arreaza-secretario-ejecutivo/
Caribbean Community,https://caricom.org/executive-management/
Caribbean Community,https://caricom.org/our-community/who-we-are/our-governance/
Caribbean Community,https://caricom.org/secretaries-general/
Central American Integration System,https://www.sica.int/estructura
Central American Integration System,https://www.sica.int/sgsica/organigrama_sgsica
Central American Integration System,https://www.sica.int/instancias/secretaria-general-del-sistema-de-la-integracion-centroamericana-sg-sica_1.html
Central American Parliament,https://parlacen.int/junta-directiva
Central American Parliament,https://parlacen.int/elecciones
Central European Initiative,https://www.cei.int/Secretariat
Central European Initiative,https://www.cei.int/SecretaryGeneral
Commonwealth of Independent States,https://cis.minsk.by/page/19324
Commonwealth of Independent States,https://cis.minsk.by/page/19300
Commonwealth of Nations,https://thecommonwealth.org/secretary-general-shirley-botchwey
Commonwealth of Nations,https://thecommonwealth.org/latest/secretary-general
Commonwealth of Nations,https://thecommonwealth.org/about-us
Community of Portuguese Language Countries,https://secretariadoexecutivo.cplp.org/quem-somos/estrutura/
Community of Portuguese Language Countries,https://www.cplp.org/organizacao/orgaos/secretariado-executivo/
Community of Sahel-Saharan States,https://censad.int/en/executive-secretariat/the-office/
Community of Sahel-Saharan States,https://censad.int/en/executive-secretariat/the-executive-secretary/
Community of Sahel-Saharan States,https://censad.int/en/executive-secretariat/
Council of Europe,https://www.coe.int/en/web/about-us/structure
Council of Europe,https://www.coe.int/en/web/secretary-general
Council of Europe,https://www.coe.int/en/web/cm/about-cm
Council of the Baltic Sea States,https://cbss.org/about-us/our-staff/
Council of the Baltic Sea States,https://cbss.org/director-general/
Council of the Baltic Sea States,https://cbss.org/about-us/structure/secretariat/
East African Community,https://www.eac.int/about-eac/leadership
East African Community,https://www.eac.int/leadership-team
East African Community,https://www.eac.int/the-secretariat
Economic Community of Central African States,https://www.ceeac-eccas.org/2023/05/24/who-are-we/
Economic Community of Central African States,https://ceeac-eccas.org/2026/01/25/une-nouvelle-impulsion-pour-la-gouvernance-de-la-ceeac/
Gulf Cooperation Council,https://www.gcc-sg.org/en/GeneralSecretariat/SecretaryGeneral/Pages/default.aspx
Gulf Cooperation Council,https://www.gcc-sg.org/en-us/AboutGCC/Pages/OrganizationalStructure.aspx
Gulf Cooperation Council,https://www.gcc-sg.org/en-us/GeneralSecretariat/Pages/default.aspx
Ibero-American General Secretariat,https://www.segib.org/en/who-we-are/ibero-american-deputy-general-secretary/
Ibero-American General Secretariat,https://www.segib.org/en/section/secretaria-general-en/
Indian Ocean Commission,https://www.commissionoceanindien.org/en/the-ioc-general-secretariat/
Inter-American Children's Institute,http://iin.oea.org/en/estructura.html
Inter-American Children's Institute,http://iin.oea.org/en/reunion-95.html
Inter-American Commission of Women,https://www.oas.org/ext/en/main/oas/our-structure/gs/CIM-Executive-Secretariat
Inter-American Commission of Women,https://www.oas.org/en/cim/assembly.asp
Intergovernmental Authority on Development,https://igad.int/seniormanagement/
Intergovernmental Authority on Development,https://igad.int/executive-secretary/
Intergovernmental Authority on Development,https://igad.int/about/
Melanesian Spearhead Group,https://msgsec.info/our-team/
Melanesian Spearhead Group,https://msgsec.info/acting-director-general-ilan-kiloe/
Melanesian Spearhead Group,https://msgsec.info/about-msg-secretariat/
Nordic Council,https://www.norden.org/en/information/about-nordic-council-presidium
Nordic Council,https://www.norden.org/en/information/about-nordic-council-secretariat
Nordic Council,https://norden.org/en/information/key-individuals
Organisation of Eastern Caribbean States,https://www.oecs.org/en/oecs-leadership-team
Organisation of Eastern Caribbean States,https://www.oecs.org/who-we-are/our-structure
Organisation of Islamic Cooperation,https://www.oic-oci.org/en/departments/24
Organization for Democracy and Economic Development,https://guam-organization.org/en/category/secretary-general/
Organization for Democracy and Economic Development,https://guam-organization.org/en/provision-on-the-secretariat-of-the-organization-for-democracy-and-economic-development-guam/
Organization of American States,https://www.oas.org/en/about/secretary_general.asp
Organization of American States,https://www.oas.org/en/about/general_secretariat.asp
Organization of American States,https://www.oas.org/en/about/our_structure.asp
Organization of Turkic States,https://turkicstates.org/en/secretary-general
Organization of Turkic States,https://turkicstates.org/en/organization-chart
Organization of Turkic States,https://www.turkicstates.org/en/deputies-secretary-general
Pacific Islands Forum,https://forumsec.org/executive-office
Pacific Islands Forum,https://forumsec.org/secretary-general
Pacific Islands Forum,https://forumsec.org/forum-secretariat-and-staff
Pan-African Parliament,http://www.panafricanparliament.org/index.php/about-us
Pan-African Parliament,http://panafricanparliament.org/index.php/news-and-events/248-hon-chief-charumbira-takes-over-as-acting-president-of-the-pap
Parliament of MERCOSUR,https://parlamentomercosur.org/innovaportal/v/166/1/parlasur/mesa-directiva.html
Parliament of MERCOSUR,https://www.parlamentomercosur.org/innovaportal/v/148/1/parlasur/organizacion.html
Parliament of MERCOSUR,https://www.parlamentomercosur.org/innovaportal/v/20490/1/parlasur/integrantes.html
Parliamentary Union of the OIC Member States,https://en.puic.org/news/595
Parliamentary Union of the OIC Member States,https://en.puic.org/news/638
South Asian Association for Regional Cooperation,https://nepal.saarc-sec.org/index.php/about-saarc/about-secretariat/secretary-general
South Asian Association for Regional Cooperation,https://www.saarc-sec.org/index.php/about-saarc/about-secretariat/directors
South Asian Association for Regional Cooperation,https://nepal.saarc-sec.org/index.php/about-saarc/about-secretariat/former-secretaries-general
Southern African Development Community,https://www.sadc.int/secretariat
Southern African Development Community,https://dev-www.sadc.int/sadc-secretariat/directorates
Union for the Mediterranean,https://ufmsecretariat.org/structure/secretarygeneral/
Union for the Mediterranean,https://ufmsecretariat.org/who-we-are/structure/
Union for the Mediterranean,https://ufmsecretariat.org/structure/head-of-cabinet/
Union of South American Nations,https://unasursg.org/es/secretaria-general/secretario-general.html
Union of South American Nations,http://www.unasursg.org/es/consejos/consejos-ministeriales-y-sectoriales
Africa Centres for Disease Control and Prevention,https://africacdc.org/staff-directory/
Africa Centres for Disease Control and Prevention,https://africacdc.org/people/dr-jean-kaseya/
Caribbean Disaster Emergency Management Agency,https://www.cdema.org/index.php/about
Caribbean Disaster Emergency Management Agency,https://cdema.org/index.php/cdemanews/categories/press-releases/146-press-releases/1203-elizabeth-riley-appointed-executive-director-of-cdema
African Intellectual Property Organisation,https://oapi.int/en/organs/general-management/
African Intellectual Property Organisation,https://oapi.int/en/organs/
African Regional Intellectual Property Organization,https://www.aripo.org/about-us/management-team
African Regional Intellectual Property Organization,https://www.aripo.org/browse/about-us/governance
African Regional Intellectual Property Organization,https://www.aripo.org/about-us/executive-management
African Union Mechanism for Police Cooperation,https://afripol.africa-union.org/permanent-secretariat/
African Union Mechanism for Police Cooperation,https://afripol.africa-union.org/about/structure
ASEAN Chiefs of Police,http://www.aseanapol.org/about-aseanapol/permanent-secretariat
ASEAN Chiefs of Police,http://www.aseanapol.org/about-aseanapol/governance
Hague Conference on Private International Law,https://www.hcch.net/en/governance/team-of-the-permanent-bureau
Hague Conference on Private International Law,https://www.hcch.net/en/governance/council-on-general-affairs
Inter-American Commission on Human Rights,https://www.oas.org/en/iachr/mandate/composition.asp
Inter-American Drug Abuse Control Commission,https://cicad.oas.org/main/aboutcicad/dirmemberstates_spa.asp
International Anti-Corruption Academy,https://www.iaca.int/who-we-are/governance/board-of-governors.html
International Anti-Corruption Academy,https://www.iaca.int/who-we-are/governance/dean.html
International Anti-Corruption Academy,https://www.iaca.int/who-we-are/governance/assembly-of-parties.html
International Criminal Police Organization,https://www.interpol.int/en/Who-we-are/Governance
International Criminal Police Organization,https://www.interpol.int/en/Who-we-are/Governance/Executive-Committee
International Criminal Police Organization,https://www.interpol.int/en/Who-we-are/General-Secretariat/Secretary-General
International Institute for Democracy and Electoral Assistance,https://www.idea.int/governance
International Institute for Democracy and Electoral Assistance,https://www.idea.int/about-us/secretary-general
International Institute for the Unification of Private Law,https://www.unidroit.org/meetings/governing-council-2/
Organisation for the Harmonisation of Business Law in Africa,https://www.ohada.org/en/institutions-officials/
Organisation for the Harmonisation of Business Law in Africa,https://www.ohada.org/en/ohadas-organization/
Organisation for the Harmonisation of Business Law in Africa,https://www.ohada.org/en/permanent-secretariat-in-a-nutshell/
Police Community of the Americas,https://ameripol.org/presidencia/
Police Community of the Americas,https://ameripol.org/secretaria-ejecutiva/
Police Community of the Americas,https://ameripol.org/organigrama/
International Organization for Migration,https://www.iom.int/iom-leadership-team
International Organization for Migration,https://www.iom.int/iom-director-general
International Organization for Migration,https://www.iom.int/organizational-structure
Schengen Area,https://home-affairs.ec.europa.eu/policies/schengen/schengen-area/schengen-governance_en
Coordinating Committee of Geoscience Programmes in East and Southeast Asia,https://www.ccop.asia/about-history-steetingcommittee
Coordinating Committee of Geoscience Programmes in East and Southeast Asia,https://ccop.asia/about-organization
European Molecular Biology Laboratory,https://www.embl.org/governance/
European Molecular Biology Laboratory,https://www.embl.org/governance/directorate/
European Molecular Biology Laboratory,https://www.embl.org/governance/embl-council/
European Organisation for the Exploitation of Meteorological Satellites,https://www.eumetsat.int/who-we-are/management
European Organisation for the Exploitation of Meteorological Satellites,https://www.eumetsat.int/who-we-are/governance
European Organization for Nuclear Research,https://home.web.cern.ch/about/who-we-are/our-governance
European Organization for Nuclear Research,https://council.web.cern.ch/en
European Southern Observatory,https://www.eso.org/public/about-eso/committees.html
European Southern Observatory,https://www.eso.org/public/about-eso/organisation/
European Southern Observatory,https://www.hq.eso.org/public/about-eso/dg-office/
European Space Agency,https://www.esa.int/About_Us/Corporate_news/ESA_top_management
European Space Agency,https://www.esa.int/About_Us/Law_at_ESA/ESA_s_organs_and_functioning
European Space Agency,https://www.esa.int/About_Us/Corporate_news/Josef_Aschbacher_ESA_Director_General
International Hydrographic Organization,https://iho.int/en/iho-secretariat
International Hydrographic Organization,https://iho.int/en/iho-council
Organisation internationale de la Francophonie,https://www.francophonie.org/la-secretaire-generale-de-la-francophonie-83
Pacific Community,https://www.spc.int/about-us/executive-management
Pacific Community,https://www.spc.int/about-us/governance
Pacific Community,https://www.spc.int/about-us/director-general
Standing Committee for Scientific and Technological Cooperation,https://comstech.org/our-team-list/
Standing Committee for Scientific and Technological Cooperation,https://comstech.org/comstech-secretariat/
Standing Committee for Scientific and Technological Cooperation,https://www.comstech.org/comstech-executive-committee/
G5 Sahel,https://www.g5sahel.org/index.php/qui-sommes-nous/le-g5-sahel
Naif Arab University for Security Sciences,https://nauss.edu.sa/en/about-nauss/council/Pages/members.aspx
Naif Arab University for Security Sciences,https://nauss.edu.sa/en-us/about-nauss/Pages/university-leaders/-abdulmajeed-al-bunyan-aspx.aspx
Organisation Conjointe de Coopération en matière d'Armement,https://occar.int/about-us/organisation
Organization for Security and Co-operation in Europe,https://www.osce.org/leadership
Organization for Security and Co-operation in Europe,https://www.osce.org/secretariat/office-secretary-general
Organization for Security and Co-operation in Europe,https://www.osce.org/organizational-structure
Regional Security System,https://www.rss.org.bb/about/our-directors
Shanghai Cooperation Organisation,https://eng.sectsco.org/secretariat/
International Bureau of Weights and Measures,https://www.bipm.org/en/governance
International Bureau of Weights and Measures,https://www.bipm.org/en/committees/ci/cipm
International Organization of Legal Metrology,https://www.oiml.org/en/structure/ciml
International Organization of Legal Metrology,https://www.oiml.org/en/structure/biml/biml
Asia-Pacific Telecommunity,https://apt.int/secretariat
Union of OIC News Agencies,https://una-oic.org/en/una/managers/
African Continental Free Trade Area Secretariat,https://au-afcfta.org/secretary-general/
Andean Community,https://www.comunidadandina.org/quienes-somos/secretaria-general-de-la-comunidad-andina/
ASEAN Free Trade Area,https://asean.org/what-we-do/secretary-general-of-asean/
ASEAN Free Trade Area,https://asean.org/the-asean-secretariat-basic-mandate-functions-and-composition/organizational-structure-of-the-asean-secretariat-2/
Asia-Pacific Economic Cooperation,https://www.apec.org/who-we-are/apec-secretariat/leadership
Asia-Pacific Economic Cooperation,https://www.apec.org/about-us/apec-secretariat
Asia-Pacific Economic Cooperation,https://www.apec.org/contactus/apecsecretariat
Asian Productivity Organization,https://www.apo-tokyo.org/secretary_general/
Asian Productivity Organization,https://www.apo-tokyo.org/organization/
Bay of Bengal Initiative for Multi-Sectoral Technical and Economic Cooperation,https://bimstec.org/secretary-general
Bay of Bengal Initiative for Multi-Sectoral Technical and Economic Cooperation,https://bimstec.org/secretariat
Bay of Bengal Initiative for Multi-Sectoral Technical and Economic Cooperation,https://bimstec.org/divisions
Benelux Union,https://www.benelux.int/en/information-for-citizens/benelux-union/our-organisation/college-2/
Benelux Union,https://www.benelux.int/en/information-for-citizens/benelux-union/our-organisation/secretariat-general/
Benelux Union,https://www.benelux.int/en/contact-en/whos-who-at-the-general-secretariat-of-the-benelux-union/
Bureau International des Expositions,https://www.bie-paris.org/site/en/how-we-work/committee-members
Bureau International des Expositions,https://www.bie-paris.org/site/en/how-we-work
Caribbean Forum,https://caricom.org/executive-management/
Caribbean Forum,https://caricom.org/secretaries-general/
Caribbean Forum,https://caricom.org/caricom-secretariat/
Common Fund for Commodities,https://www.common-fund.org/about-us/governing_bodies
Common Fund for Commodities,https://www.common-fund.org/about-us/managing-director
Common Fund for Commodities,https://www.common-fund.org/secretariat
Common Market for Eastern and Southern Africa,https://www.comesa.int/executive-office-of-the-secretary-general/
Common Market for Eastern and Southern Africa,https://www.comesa.int/secretariat/
Common Market for Eastern and Southern Africa,https://www.comesa.int/the-comesa-authority/
D-8 Organization for Economic Cooperation,https://developing8.org/about-d-8/organizational-structure/
D-8 Organization for Economic Cooperation,http://developing8.org/secretary-general/
D-8 Organization for Economic Cooperation,https://developing8.org/secretary-generals-biography/
Economic Cooperation Organization,https://eco.int/secretary-general/
Economic Cooperation Organization,https://eco.int/elementor-6936/
European Economic Area,https://www.efta.int/eea-relations-eu/eea-institutions-two-pillar-structure/standing-committee-efta-states
European Economic Area,https://www.efta.int/eea-relations-eu/eea-institutions-two-pillar-structure/eea-joint-committee
European Free Trade Association,https://www.efta.int/about-efta/managing-efta-secretariat-745
European Free Trade Association,https://www.efta.int/about-efta/efta-secretariat/staff-directory
European Free Trade Association,https://www.efta.int/about-efta/efta-council
Indian Ocean Rim Association,https://www.iora.int/secretary-general
Indian Ocean Rim Association,https://www.iora.int/iora-secretarial-staff
Indian Ocean Rim Association,https://www.iora.int/directorates
International Copper Study Group,https://icsg.org/secretariat/
International Lead and Zinc Study Group,https://www.ilzsg.org/secretariat/
International Nickel Study Group,https://insg.org/index.php/organization/the-study-group/
International Rubber Study Group,https://www.rubberstudy.org/irsg-secretariat
International Tropical Timber Organization,https://www.itto.int/about_itto/staff/
Latin American and Caribbean Economic System,https://www.sela.org/embajador-lesly-david-inicia-funciones-como-nuevo-secretario-permanente-del-sela/
Latin American Integration Association,https://www.aladi.org/sitioaladi/secretaria-general/
Latin American Integration Association,https://www.aladi.org/organizacion-institucional/comite-de-representantes/
Latin American Integration Association,https://www.aladi.org/organizacion-institucional/
Mano River Union,https://mru.int/en/team/
Mano River Union,https://www.mru.int/general-secretariat/
Organisation for Economic Co-operation and Development,https://www.oecd.org/en/about/directors.html
Organisation for Economic Co-operation and Development,https://www.oecd.org/about/secretary-general/
Organisation for Economic Co-operation and Development,https://www.oecd.org/en/about/organisational-structure.html
Secretariat for Central American Economic Integration,https://www.sieca.int/acerca/directivos-titulares/
Secretariat for Central American Economic Integration,https://www.sieca.int/index.php/acerca-de-la-sieca/informacion-general/secretaria/secretaria-general/
Southern African Customs Union,https://www.sacu.int/office-of-the-executive-secretary
Southern African Customs Union,https://www.sacu.int/secretariat
Southern African Customs Union,https://www.sacu.int/about-sacu/sacu-institutions/council-of-ministers
Southern Common Market,https://www.mercosur.int/quienes-somos/secretaria/
Southern Common Market,https://mercosur.int/quienes-somos/secretaria/direccion
Southern Common Market,https://www.mercosur.int/quienes-somos/organigrama-mercosur/
World Customs Organization,https://www.wcoomd.org/en/about-us/what-is-the-wco/secretary-general.aspx
World Customs Organization,https://www.wcoomd.org/en/about-us/wco-structure/wco-secretariat.aspx
World Trade Organization,https://www.wto.org/english/thewto_e/dg_e/dg_e.htm
World Trade Organization,https://www.wto.org/english/thewto_e/dg_e/ddgs_e.htm
World Trade Organization,https://www.wto.org/english/thewto_e/dg_e/dg_cabinet_e.htm
European Organisation for the Safety of Air Navigation,https://www.eurocontrol.int/info/executive-body
European Organisation for the Safety of Air Navigation,https://www.eurocontrol.int/info/governing-bodies
Asia-Pacific Fishery Commission,https://www.fao.org/apfic/about/the-commission--executive-committee--committees-and-working-parties/en
Food and Agriculture Organization of the United Nations,https://www.fao.org/about/leadership/en/
Food and Agriculture Organization of the United Nations,https://www.fao.org/director-general/en
International Fund for Agricultural Development,https://www.ifad.org/en/leadership
International Fund for Agricultural Development,https://www.ifad.org/en/president
International Atomic Energy Agency,https://www.iaea.org/about/management-team/director-general
International Atomic Energy Agency,https://www.iaea.org/about/rafael-grossi
United Nations Institute for Disarmament Research,https://unidir.org/who-we-are/people/
United Nations Institute for Disarmament Research,https://unidir.org/who-we-are/about-unidir/
"United Nations Educational, Scientific and Cultural Organization",https://www.unesco.org/en/governance
"United Nations Educational, Scientific and Cultural Organization",https://www.unesco.org/en/executive-board/members
"United Nations Educational, Scientific and Cultural Organization",https://www.unesco.org/en/executive-board
United Nations Institute for Training and Research,https://unitar.org/about/unitar/governance/board-trustees
United Nations Institute for Training and Research,https://www.unitar.org/governance
United Nations System Staff College,https://www.unssc.org/about/board-governors
United Nations System Staff College,https://www.unssc.org/about/who-we-are
United Nations University,https://unu.edu/unu-leadership
United Nations University,https://unu.edu/about/unu-council
United Nations University,https://unu.edu/about/office-rector
Intergovernmental Oceanographic Commission of UNESCO,https://www.ioc.unesco.org/en/ioc-officers
Intergovernmental Oceanographic Commission of UNESCO,https://www.ioc.unesco.org/en/secretariat
Intergovernmental Panel on Climate Change,https://www.ipcc.ch/about/structure/
Intergovernmental Panel on Climate Change,https://www.ipcc.ch/secretariat/
Secretariat of the Convention on Biological Diversity,https://www.cbd.int/secretariat/executive-secretary
Secretariat of the Convention on Biological Diversity,https://www.cbd.int/secretariat
Secretariat of the United Nations Convention to Combat Desertification,https://www.unccd.int/convention/who-is-who
Secretariat of the United Nations Convention to Combat Desertification,https://www.unccd.int/convention/secretariat
Secretariat of the United Nations Framework Convention on Climate Change,https://unfccc.int/about-us/about-the-secretariat/divisions-and-senior-staff
Secretariat of the United Nations Framework Convention on Climate Change,https://unfccc.int/about-us/the-executive-secretary
United Nations Environment Programme,https://www.unep.org/people/leadership
United Nations Environment Programme,https://www.unep.org/about-un-environment/why-does-un-environment-programme-matter/structure-and-leadership
World Meteorological Organization,https://wmo.int/about-wmo/governance
World Meteorological Organization,https://wmo.int/about-wmo/secretariat
World Meteorological Organization,https://public.wmo.int/about-wmo/governance/executive-council
International Monetary Fund,https://www.imf.org/en/about/senior-officials
International Monetary Fund,https://www.imf.org/en/about/executive-board/eds-voting-power
United Nations Capital Development Fund,https://www.uncdf.org/our-team
United Nations Capital Development Fund,https://www.uncdf.org/governance-and-funding
United Nations Development Programme,https://www.undp.org/our-leadership
United Nations Economic and Social Commission for Asia and the Pacific,https://www.unescap.org/senior-management
United Nations Economic and Social Commission for Asia and the Pacific,https://www.unescap.org/about/secretariat
United Nations Economic and Social Commission for Western Asia,https://www.unescwa.org/about/leadership
United Nations Economic and Social Commission for Western Asia,https://www.unescwa.org/about/committees/executive
United Nations Economic and Social Council,https://ecosoc.un.org/en/about-us/bureau
United Nations Economic and Social Council,https://ecosoc.un.org/en/about-us/president
United Nations Economic Commission for Africa,https://www.uneca.org/leadership
United Nations Economic Commission for Africa,https://www.uneca.org/executive-secretary
United Nations Economic Commission for Europe,https://unece.org/governance-framework
United Nations Economic Commission for Europe,https://unece.org/executive-secretary-1
United Nations Economic Commission for Latin America and the Caribbean,https://www.cepal.org/en/senior-staff-directory
United Nations Economic Commission for Latin America and the Caribbean,https://www.cepal.org/en/staff/jose-manuel-salazar-xirinachs
United Nations Economic Commission for Latin America and the Caribbean,https://www.cepal.org/en/about/former-executive-secretaries
United Nations Office for Project Services,https://www.unops.org/about/our-story/leadership
United Nations Office for Project Services,https://www.unops.org/about/governance/executive-board
United Nations Office for Project Services,https://www.unops.org/about/our-story/leadership/executive-director
United Nations General Assembly,https://www.un.org/en/ga/general/general.shtml
United Nations General Assembly,https://www.un.org/en/ga/president/bios/
United Nations Secretariat,https://www.un.org/sg/en/content/senior-management-group
United Nations Secretariat,https://www.un.org/sg/en/global-leadership/home
United Nations Secretariat,https://www.un.org/dgacm/en/content/protocol/senior-officials
Joint United Nations Programme on HIV/AIDS,https://www.unaids.org/en/aboutunaids/unaidsleadership
Joint United Nations Programme on HIV/AIDS,https://www.unaids.org/en/unaidsprogrammecoordinatingboard/pcb-bureau
Joint United Nations Programme on HIV/AIDS,https://www.unaids.org/en/whoweare/governance
Pan American Health Organization,https://www.paho.org/en/executive-management
Pan American Health Organization,https://www.paho.org/en/dr-jarbas-barbosa-paho-who-director
Pan American Health Organization,https://www.paho.org/en/governance/executive-committee
United Nations Population Fund,https://www.unfpa.org/about/diene-keita
United Nations Population Fund,https://www.unfpa.org/about/Andrew-Saberton
United Nations Population Fund,https://www.unfpa.org/leaders-advocates
World Health Organization,https://www.who.int/director-general/who-headquarters-leadership-team
World Health Organization,https://www.who.int/director-general/tedros-adhanom-ghebreyesus
World Health Organization,https://www.who.int/director-general/regional-directors
Office of the United Nations High Commissioner for Refugees,https://www.unhcr.org/about-unhcr/overview/high-commissioner/senior-executive-team
Office of the United Nations High Commissioner for Refugees,https://www.unhcr.org/about-unhcr/overview/high-commissioner
Office of the United Nations High Commissioner for Refugees,https://www.unhcr.org/us/about-unhcr/governance-and-oversight/executive-committee
United Nations Children's Fund,https://www.unicef.org/who-we-are/executive-leadership
United Nations Children's Fund,https://www.unicef.org/careers/executive-management
United Nations Children's Fund,https://www.unicef.org/who-we-are/executive-director
United Nations Entity for Gender Equality and the Empowerment of Women,https://www.unwomen.org/en/about-us/directorate
United Nations Entity for Gender Equality and the Empowerment of Women,https://www.unwomen.org/en/about-us/directorate/executive-director
United Nations Entity for Gender Equality and the Empowerment of Women,https://www.unwomen.org/en/executive-board/bureau
United Nations Human Settlements Programme,https://unhabitat.org/about-us/leadership
United Nations Human Settlements Programme,https://unhabitat.org/our-secretariat
United Nations Human Settlements Programme,https://unhabitat.org/governance/executive-board
United Nations Office for Disaster Risk Reduction,https://www.undrr.org/our-work/our-team
United Nations Office for Disaster Risk Reduction,https://www.undrr.org/our-team/kamal-kishore-biography
United Nations Office for the Coordination of Humanitarian Affairs,https://www.unocha.org/our-leadership
United Nations Relief and Works Agency for Palestine Refugees in the Near East,https://www.unrwa.org/who-we-are/our-leadership
United Nations Relief and Works Agency for Palestine Refugees in the Near East,https://www.unrwa.org/executive-office
United Nations Volunteers,https://www.unv.org/about-unv/who-we-are
United Nations Volunteers,https://www.unv.org/toily-kurbanov-unv-executive-coordinator
World Food Programme,https://www.wfp.org/governance-and-leadership
World Food Programme,https://executiveboard.wfp.org/about-board
Office of the United Nations High Commissioner for Human Rights,https://www.ohchr.org/en/about-us/global-leadership-team
Office of the United Nations High Commissioner for Human Rights,https://www.ohchr.org/en/about-us/high-commissioner
United Nations Office on Drugs and Crime,https://www.unodc.org/unodc/en/about-unodc/senior-leadership.html
United Nations Office on Drugs and Crime,https://www.unodc.org/unodc/en/about-unodc/leadership.html
International Labour Organization,https://www.ilo.org/about-ilo/ilo-director-general
International Labour Organization,https://www.ilo.org/ilo-governing-body
International Labour Organization,https://www.ilo.org/resource/other/officers-ilo-governing-body
United Nations Department of Political and Peacebuilding Affairs,https://dppa.un.org/en/leadership
United Nations Department of Political and Peacebuilding Affairs,https://dppa.un.org/en/office-of-under-secretary-general
United Nations Security Council,https://main.un.org/securitycouncil/en/content/current-members
United Nations Security Council,https://main.un.org/securitycouncil/en/content/presidency
World Intellectual Property Organization,https://www.wipo.int/en/web/about-wipo/activities-by-unit/management
World Intellectual Property Organization,https://www.wipo.int/en/web/director-general
International Telecommunication Union,https://www.itu.int/en/about/Pages/leadership.aspx
International Telecommunication Union,https://www.itu.int/net/itu-sg/directors.aspx
International Telecommunication Union,https://www.itu.int/en/osg/pages/default.aspx
Universal Postal Union,https://www.upu.int/en/universal-postal-union/about-upu/director-general
Universal Postal Union,https://www.upu.int/en/universal-postal-union/about-upu/bodies/council-of-administration
Universal Postal Union,https://www.upu.int/en/Universal-Postal-Union/About-UPU/Bodies/International-Bureau/Directorates
United Nations Conference on Trade and Development,https://unctad.org/about/leadership
United Nations Conference on Trade and Development,https://unctad.org/about/office-of-the-secretary-general
United Nations Conference on Trade and Development,https://unctad.org/about/office-of-the-secretary-general/deputy-secretary-general
United Nations Industrial Development Organization,https://www.unido.org/about-us/leadership
United Nations Industrial Development Organization,https://www.unido.org/who-we-are/structure
United Nations Industrial Development Organization,https://www.unido.org/about-us/leadership/director-general
World Tourism Organization,https://www.unwto.org/management
World Tourism Organization,https://www.unwto.org/structure
International Civil Aviation Organization,https://www.icao.int/secretariat/secretarygeneral/pages/default.aspx
International Civil Aviation Organization,https://www.icao.int/about-icao/council/council-president
International Civil Aviation Organization,https://www.icao.int/council-state-representatives
International Maritime Organization,https://www.imo.org/en/About/Pages/Structure.aspx
International Maritime Organization,https://www.imo.org/en/mediacentre/secretarygeneral/pages/default.aspx
International Maritime Organization,https://www.imo.org/en/OurWork/ERO/Pages/Council-Members.aspx
